article_id,title,slug,body,summary,images,publication_date,last_updated,author,author_persona,author_style,category,status,story_status,town_data,people_data,seriousness,parent_article_id
ART-20260601211006,"Mackney Tools & Timber Navigates Digital Shift, Residents Express Mixed Feelings",mackney-tools-&-timber-navigates-digital-shift-res,"Mackney Tools & Timber, a cornerstone of the town's high street for over five decades, has announced significant operational changes aimed at securing its future amidst a challenging retail landscape. The beloved independent hardware store plans to heavily invest in an advanced e-commerce platform and streamline its physical footprint, a move that signals a broader trend impacting traditional retail.

The decision comes as independent businesses grapple with escalating operational costs, supply chain volatility, and the relentless competitive pressure from online giants and large retail chains. For many, a robust digital presence is no longer an option but a critical imperative for survival, a reality that Mackney Tools & Timber is now embracing.

""We've seen the writing on the wall,"" stated Sarah Jenkins, owner of Mackney Tools & Timber. ""Our customers' shopping habits have evolved, and while our physical store remains vital, an accessible online experience is equally crucial. This investment allows us to reach a wider audience and offer convenience our current model can't always provide, ensuring we can continue to serve Mackney for generations to come.""

However, the shift has stirred a range of emotions among long-time patrons. Megan Nolan, a 66-year-old nan from the local area, voiced her apprehension. ""It just worries me, all these changes. First the bank, now even our lovely hardware shop. Where will I go for a proper chat when I need advice on a hinge? Everything's online now, and I just find it all so confusing and impersonal. What if I order the wrong thing? It’s not the same as seeing it in person and asking someone who knows their stuff.""

Conversely, Geoffrey Bryan, a 63-year-old furniture conservator and restorer who relies on the store for specialized components, offered a more nuanced perspective. ""It's a shame, isn't it? I've been coming here for decades, picking up bits and bobs for my restoration projects. You always knew you'd bump into someone you knew, have a natter about the week. I understand businesses have to adapt, but I'll certainly miss the buzz of the place. It's more than just buying screws; it's a social outing, a connection to the community.""

This transition highlights the ongoing digital transformation facing traditional retail. As I've observed in Silicon Valley, even established enterprises must innovate or risk obsolescence. The challenge for local businesses like Mackney Tools & Timber is to leverage digital tools – from cloud-based inventory management to sophisticated customer relationship platforms – without alienating their loyal, often less tech-savvy, customer base. The 'phygital' model, integrating physical and digital experiences, is emerging as a critical strategy, allowing for both convenience and community engagement.

The future of Mackney's high street will likely be defined by how successfully its independent businesses navigate this complex digital terrain. Mackney Tools & Timber's bold pivot will serve as a crucial test case for how a legacy business can evolve while striving to maintain its intrinsic value to the community.","Mackney Tools & Timber, a long-standing local hardware store, is undergoing a significant digital transformation by investing in an e-commerce platform and adjusting its physical presence due to retail pressures. While the move aims to secure its future, it has elicited mixed reactions from residents, with some expressing concern over the loss of traditional community interaction and others acknowledging the necessity of adaptation.","[{""image"": ""Traditional independent hardware store interior with tools and timber"", ""caption"": ""The familiar interior of Mackney Tools & Timber, a fixture on the high street for over five decades."", ""url"": ""https://via.placeholder.com/800x600?text=Traditional+independent+hardware+store+interior+with+tools+and+timber"", ""alt_text"": ""Traditional independent hardware store interior with tools and timber"", ""credit"": ""Placeholder Image"", ""source"": ""placeholder.com"", ""search_query"": ""Traditional independent hardware store interior with tools and timber""}, {""image"": ""Person shopping for hardware online on a laptop or tablet"", ""caption"": ""The increasing shift towards online retail presents both challenges and opportunities for local businesses."", ""url"": ""https://via.placeholder.com/800x600?text=Person+shopping+for+hardware+online+on+a+laptop+or+tablet"", ""alt_text"": ""Person shopping for hardware online on a laptop or tablet"", ""credit"": ""Placeholder Image"", ""source"": ""placeholder.com"", ""search_query"": ""Person shopping for hardware online on a laptop or tablet""}, {""image"": ""Diverse small business high street street view"", ""caption"": ""Mackney's high street faces ongoing evolution as independent businesses adapt to changing consumer habits."", ""url"": ""https://via.placeholder.com/800x600?text=Diverse+small+business+high+street+street+view"", ""alt_text"": ""Diverse small business high street street view"", ""credit"": ""Placeholder Image"", ""source"": ""placeholder.com"", ""search_query"": ""Diverse small business high street street view""}]",2026-06-01,2026-06-01,Michael Chen,Tech reporter who previously worked in Silicon Valley. Specializes in consumer electronics and startup culture.,Technical but accessible,Business,Draft,ongoing,,,serious,
ART-20260601211026,Unlocking the Genome: The Promise and Ethical Puzzles of Advanced Genetic Screening,unlocking-the-genome:-the-promise-and-ethical-puzz,"Mackney, UK – Recent advancements in genetic screening technologies are ushering in a new era of personalized medicine, offering unprecedented insights into individual health predispositions and disease risks. While the potential for preventative care and targeted treatments is immense, experts are calling for careful consideration of the ethical, legal, and societal implications of these powerful new tools.

The ability to quickly and comprehensively analyze an individual's genetic code has moved from the realm of science fiction to a clinical reality. From identifying predispositions to inherited conditions to predicting responses to certain medications, genetic screening is transforming how health is understood and managed. ""The speed at which we can now map and understand genetic predispositions is revolutionary,"" states Louise Goddard, 55, a clinical molecular geneticist. ""My instinct tells me that integrating these insights into proactive health strategies immediately is crucial; the capacity to intervene before disease manifests is a game-changer.""

However, this rapid scientific progress is accompanied by complex questions regarding data privacy, potential discrimination, and the informed consent process. Frederick Tucker, 63, a barrister specializing in medical law, emphasizes the need for a cautious and deliberate approach. ""The legal landscape must adapt thoughtfully to these profound scientific capabilities. We need to ensure that individual autonomy and privacy are paramount, meticulously crafting legislation to prevent misuse of genetic data and potential discrimination. Hasty decisions could have far-reaching negative consequences for civil liberties,"" Tucker explains, highlighting the importance of robust regulatory frameworks.

The technological infrastructure required to manage and secure this sensitive information is another critical area of concern. Christian Parsons, 59, a software engineer, points to the dual nature of genetic data. ""The data generated by genetic screening is incredibly powerful, but also immensely personal. My initial reaction is that we need to build highly secure, transparent, and user-controlled data architectures for this information, and we need to do it now. The technological momentum demands swift, decisive action on robust governance to ensure public trust and prevent exploitation,"" Parsons asserts, underscoring the urgency of cybersecurity in this field.

As genetic screening becomes more accessible, the Mackney Gazette will continue to monitor the ongoing dialogue between scientific innovation and the imperative for ethical stewardship, ensuring that the benefits of this technology are realized responsibly for all.","Advanced genetic screening is revolutionizing healthcare by offering deep insights into individual health, but its rapid development necessitates urgent discussions on ethical and legal implications. Experts call for immediate integration into preventative care while simultaneously establishing robust legal frameworks and secure data governance to protect individual privacy and prevent misuse.","[{""image"": ""DNA sequencing machine laboratory"", ""caption"": ""A state-of-the-art DNA sequencing machine processing genetic samples in a clinical laboratory."", ""url"": ""https://via.placeholder.com/800x600?text=DNA+sequencing+machine+laboratory"", ""alt_text"": ""DNA sequencing machine laboratory"", ""credit"": ""Placeholder Image"", ""source"": ""placeholder.com"", ""search_query"": ""DNA sequencing machine laboratory""}, {""image"": ""Legal professionals discussing genetic data ethics"", ""caption"": ""Legal and ethical experts engaging in a discussion about the implications of genetic information."", ""url"": ""https://via.placeholder.com/800x600?text=Legal+professionals+discussing+genetic+data+ethics"", ""alt_text"": ""Legal professionals discussing genetic data ethics"", ""credit"": ""Placeholder Image"", ""source"": ""placeholder.com"", ""search_query"": ""Legal professionals discussing genetic data ethics""}, {""image"": ""Doctor explaining genetic test results to patient"", ""caption"": ""A healthcare professional explaining complex genetic test results to a patient in a consultation."", ""url"": ""https://via.placeholder.com/800x600?text=Doctor+explaining+genetic+test+results+to+patient"", ""alt_text"": ""Doctor explaining genetic test results to patient"", ""credit"": ""Placeholder Image"", ""source"": ""placeholder.com"", ""search_query"": ""Doctor explaining genetic test results to patient""}]",2026-06-01,2026-06-01,Emily Wilson,Health and wellness reporter with medical background. Focuses on making complex health topics understandable.,Clear and informative,Health,Draft,ongoing,serious,,,
